,page_num,left,right,top,bottom,confidence,text_ocr,closest_color_word_id,closest_color_dist,id,isKey,isValue,to_address,sale_address,from_address,date_sent,date_received,invoice_number,field_0,field_1,field_2,field_3,field_4,field_5,field_6,field_7,field_8,field_9,field_10,field_11,field_12,field_13,field_14,field_15,field_16,field_17,field_18,field_19,text_matched,r,g,b,text_lev_distance
0,0,565,801,542,604,96,SENT,word_000000,0.0,word_000000,1,0,1,0,0,0,0,0,0,0,0,0,0,0,0,0,0,0,0,0,0,0,0,0,0,0,0,0,Sent,13,217,27,0.0
1,0,833,953,541,604,96,TO,word_000001,0.0,word_000001,1,0,1,0,0,0,0,0,0,0,0,0,0,0,0,0,0,0,0,0,0,0,0,0,0,0,0,0,To,14,218,28,0.0
2,0,565,808,884,947,94,SOLD,word_000010,0.0,word_000010,1,0,0,1,0,0,0,0,0,0,0,0,0,0,0,0,0,0,0,0,0,0,0,0,0,0,0,0,Sold,29,233,43,0.0
3,0,842,962,884,947,94,TO,word_000011,0.0,word_000011,1,0,0,1,0,0,0,0,0,0,0,0,0,0,0,0,0,0,0,0,0,0,0,0,0,0,0,0,To,30,234,44,0.0
4,0,565,1032,1227,1290,96,SHIPPING,word_000022,0.0,word_000022,1,0,0,0,1,0,0,0,0,0,0,0,0,0,0,0,0,0,0,0,0,0,0,0,0,0,0,0,Shipping,48,252,62,0.0
5,0,565,1114,1571,1633,95,STATEMENT,word_000033,0.0,word_000033,1,0,0,0,0,1,0,0,0,0,0,0,0,0,0,0,0,0,0,0,0,0,0,0,0,0,0,0,Statement,66,14,80,0.0
6,0,569,801,1673,1733,95,DATE,word_000034,0.0,word_000034,1,0,0,0,0,1,0,0,0,0,0,0,0,0,0,0,0,0,0,0,0,0,0,0,0,0,0,0,Date,68,16,82,0.0
7,0,569,1029,1812,1875,96,RECEIVED,word_000036,0.0,word_000036,1,0,0,0,0,0,1,0,0,0,0,0,0,0,0,0,0,0,0,0,0,0,0,0,0,0,0,0,Received,71,19,85,0.0
8,0,566,966,1953,2016,96,INVOICE,word_000038,0.0,word_000038,1,0,0,0,0,0,0,1,0,0,0,0,0,0,0,0,0,0,0,0,0,0,0,0,0,0,0,0,Invoice,74,22,88,0.0
9,0,568,1216,2094,2157,52,SKCAAVMODV,word_000040,0.0,word_000040,1,0,0,0,0,0,0,0,1,0,0,0,0,0,0,0,0,0,0,0,0,0,0,0,0,0,0,0,5kcaavMODv,77,25,91,1.0
10,0,569,1160,2235,2298,43,BJ2Z2N4EPBUZ,word_000044,0.0,word_000044,1,0,0,0,0,0,0,0,0,1,0,0,0,0,0,0,0,0,0,0,0,0,0,0,0,0,0,0,BJ2N4ePBuz,84,32,98,2.0
11,0,563,1166,2578,2657,86,TGS5FQUOIS,word_000054,0.0,word_000054,1,0,0,0,0,0,0,0,0,0,1,0,0,0,0,0,0,0,0,0,0,0,0,0,0,0,0,0,tGS5FQuois,100,48,114,0.0
12,0,563,1196,2719,2782,91,TN20FSMOGG,word_000057,0.0,word_000057,1,0,0,0,0,0,0,0,0,0,0,1,0,0,0,0,0,0,0,0,0,0,0,0,0,0,0,0,tn20fSmogg,105,53,119,0.0
13,0,562,1142,2840,2919,45,YQQJJLE9A5,word_000061,0.0,word_000061,1,0,0,0,0,0,0,0,0,0,0,0,1,0,0,0,0,0,0,0,0,0,0,0,0,0,0,0,yQQJJlE9a5,111,59,125,0.0
14,0,569,1155,3142,3205,66,R2A36JOAVT,word_000069,0.0,word_000069,1,0,0,0,0,0,0,0,0,0,0,0,0,1,0,0,0,0,0,0,0,0,0,0,0,0,0,0,r2a36j0Avt,124,72,138,1.0
15,0,565,1183,3283,3346,69,CREGIU7HNX,word_000074,0.0,word_000074,1,0,0,0,0,0,0,0,0,0,0,0,0,0,1,0,0,0,0,0,0,0,0,0,0,0,0,0,cREGIu7hnX,132,80,146,0.0
16,0,567,1134,3626,3705,43,78XKRICIJQ,word_000084,0.0,word_000084,1,0,0,0,0,0,0,0,0,0,0,0,0,0,0,1,0,0,0,0,0,0,0,0,0,0,0,0,78XkrICjJQ,149,97,163,1.0
17,0,565,1210,3868,3931,91,SWG2NIVBVD,word_000090,0.0,word_000090,1,0,0,0,0,0,0,0,0,0,0,0,0,0,0,0,1,0,0,0,0,0,0,0,0,0,0,0,SWG2nIVbvd,158,106,172,0.0
18,0,568,1203,4110,4173,60,S2NPNM9COO,word_000098,0.0,word_000098,1,0,0,0,0,0,0,0,0,0,0,0,0,0,0,0,0,1,0,0,0,0,0,0,0,0,0,0,52nPnM9c0o,171,119,185,2.0
19,0,562,1160,4352,4415,14,YSEPC5P1TO,word_000104,0.0,word_000104,1,0,0,0,0,0,0,0,0,0,0,0,0,0,0,0,0,0,1,0,0,0,0,0,0,0,0,0,Y9EPc5p1tO,181,129,195,1.0
20,0,569,1159,4493,4556,79,MLVSVI7YY8,word_000107,0.0,word_000107,1,0,0,0,0,0,0,0,0,0,0,0,0,0,0,0,0,0,0,1,0,0,0,0,0,0,0,0,mlvsVI7YY8,186,134,200,0.0
21,0,1282,1888,540,604,91,Pacheco-Smith,word_000002,0.0,word_000002,0,1,1,0,0,0,0,0,0,0,0,0,0,0,0,0,0,0,0,0,0,0,0,0,0,0,0,0,Pacheco-Smith,16,220,30,0.0
22,0,1281,1529,642,705,94,32181,word_000003,0.0,word_000003,0,1,1,0,0,0,0,0,0,0,0,0,0,0,0,0,0,0,0,0,0,0,0,0,0,0,0,0,32181,17,221,31,0.0
23,0,1569,1898,641,705,94,Johnson,word_000004,0.0,word_000004,0,1,1,0,0,0,0,0,0,0,0,0,0,0,0,0,0,0,0,0,0,0,0,0,0,0,0,0,Johnson,19,223,33,0.0
24,0,1940,2216,643,705,95,Corner,word_000005,0.0,word_000005,0,1,1,0,0,0,0,0,0,0,0,0,0,0,0,0,0,0,0,0,0,0,0,0,0,0,0,0,Corner,21,225,35,0.0
25,0,1282,1449,745,806,93,New,word_000006,0.0,word_000006,0,1,1,0,0,0,0,0,0,0,0,0,0,0,0,0,0,0,0,0,0,0,0,0,0,0,0,0,New,22,226,36,0.0
26,0,1483,2022,742,820,91,"Annachester,",word_000007,0.0,word_000007,0,1,1,0,0,0,0,0,0,0,0,0,0,0,0,0,0,0,0,0,0,0,0,0,0,0,0,0,"Annachester,",24,228,38,0.0
27,0,2067,2184,745,805,94,MA,word_000008,0.0,word_000008,0,1,1,0,0,0,0,0,0,0,0,0,0,0,0,0,0,0,0,0,0,0,0,0,0,0,0,0,MA,25,229,39,0.0
28,0,2223,2473,743,806,96,59379,word_000009,0.0,word_000009,0,1,1,0,0,0,0,0,0,0,0,0,0,0,0,0,0,0,0,0,0,0,0,0,0,0,0,0,59379,27,231,41,0.0
29,0,1282,1860,883,947,89,Bush-Williams,word_000012,0.0,word_000012,0,1,0,1,0,0,0,0,0,0,0,0,0,0,0,0,0,0,0,0,0,0,0,0,0,0,0,0,Bush-Williams,32,236,46,0.0
30,0,1281,1476,985,1048,95,2351,word_000013,0.0,word_000013,0,1,0,1,0,0,0,0,0,0,0,0,0,0,0,0,0,0,0,0,0,0,0,0,0,0,0,0,2351,34,238,48,0.0
31,0,1519,1712,984,1048,95,Colin,word_000014,0.0,word_000014,0,1,0,1,0,0,0,0,0,0,0,0,0,0,0,0,0,0,0,0,0,0,0,0,0,0,0,0,Colin,35,239,49,0.0
32,0,1754,2073,986,1048,96,Summit,word_000015,0.0,word_000015,0,1,0,1,0,0,0,0,0,0,0,0,0,0,0,0,0,0,0,0,0,0,0,0,0,0,0,0,Summit,37,241,51,0.0
33,0,2109,2313,986,1048,95,Suite,word_000016,0.0,word_000016,0,1,0,1,0,0,0,0,0,0,0,0,0,0,0,0,0,0,0,0,0,0,0,0,0,0,0,0,Suite,38,242,52,0.0
34,0,2353,2500,985,1048,96,078,word_000017,0.0,word_000017,0,1,0,1,0,0,0,0,0,0,0,0,0,0,0,0,0,0,0,0,0,0,0,0,0,0,0,0,078,40,244,54,0.0
35,0,1282,1440,1088,1149,92,Port,word_000018,0.0,word_000018,0,1,0,1,0,0,0,0,0,0,0,0,0,0,0,0,0,0,0,0,0,0,0,0,0,0,0,0,Port,42,246,56,0.0
36,0,1477,2108,1085,1165,90,"Christianburgh,",word_000019,0.0,word_000019,0,1,0,1,0,0,0,0,0,0,0,0,0,0,0,0,0,0,0,0,0,0,0,0,0,0,0,0,"Christianburgh,",43,247,57,0.0
37,0,2146,2252,1088,1148,94,VT,word_000020,0.0,word_000020,0,1,0,1,0,0,0,0,0,0,0,0,0,0,0,0,0,0,0,0,0,0,0,0,0,0,0,0,VT,45,249,59,0.0
38,0,2285,2537,1086,1149,94,47901,word_000021,0.0,word_000021,0,1,0,1,0,0,0,0,0,0,0,0,0,0,0,0,0,0,0,0,0,0,0,0,0,0,0,0,47901,47,251,61,0.0
39,0,1282,1451,1226,1290,96,Ford,word_000023,0.0,word_000023,0,1,0,0,1,0,0,0,0,0,0,0,0,0,0,0,0,0,0,0,0,0,0,0,0,0,0,0,Ford,50,254,64,0.0
40,0,1492,1634,1226,1290,96,and,word_000024,0.0,word_000024,0,1,0,0,1,0,0,0,0,0,0,0,0,0,0,0,0,0,0,0,0,0,0,0,0,0,0,0,and,51,255,65,0.0
41,0,1676,1870,1228,1290,96,Sons,word_000025,0.0,word_000025,0,1,0,0,1,0,0,0,0,0,0,0,0,0,0,0,0,0,0,0,0,0,0,0,0,0,0,0,Sons,53,1,67,0.0
42,0,1281,1533,1328,1391,96,31647,word_000026,0.0,word_000026,0,1,0,0,1,0,0,0,0,0,0,0,0,0,0,0,0,0,0,0,0,0,0,0,0,0,0,0,31647,55,3,69,0.0
43,0,1575,1743,1329,1391,96,Diaz,word_000027,0.0,word_000027,0,1,0,0,1,0,0,0,0,0,0,0,0,0,0,0,0,0,0,0,0,0,0,0,0,0,0,0,Diaz,56,4,70,0.0
44,0,1782,2070,1327,1391,96,Islands,word_000028,0.0,word_000028,0,1,0,0,1,0,0,0,0,0,0,0,0,0,0,0,0,0,0,0,0,0,0,0,0,0,0,0,Islands,58,6,72,0.0
45,0,1282,1450,1431,1492,93,East,word_000029,0.0,word_000029,0,1,0,0,1,0,0,0,0,0,0,0,0,0,0,0,0,0,0,0,0,0,0,0,0,0,0,0,East,59,7,73,0.0
46,0,1486,1951,1428,1506,90,"Sharonfurt,",word_000030,0.0,word_000030,0,1,0,0,1,0,0,0,0,0,0,0,0,0,0,0,0,0,0,0,0,0,0,0,0,0,0,0,"Sharonfurt,",61,9,75,0.0
47,0,1995,2105,1430,1492,95,DC,word_000031,0.0,word_000031,0,1,0,0,1,0,0,0,0,0,0,0,0,0,0,0,0,0,0,0,0,0,0,0,0,0,0,0,DC,63,11,77,0.0
48,0,2143,2396,1429,1492,95,96069,word_000032,0.0,word_000032,0,1,0,0,1,0,0,0,0,0,0,0,0,0,0,0,0,0,0,0,0,0,0,0,0,0,0,0,96069,64,12,78,0.0
49,0,1280,1765,1569,1644,93,07/21/2013,word_000035,0.0,word_000035,0,1,0,0,0,1,0,0,0,0,0,0,0,0,0,0,0,0,0,0,0,0,0,0,0,0,0,0,07/21/2013,69,17,83,0.0
50,0,1285,1766,1811,1886,96,10/30/2016,word_000037,0.0,word_000037,0,1,0,0,0,0,1,0,0,0,0,0,0,0,0,0,0,0,0,0,0,0,0,0,0,0,0,0,10/30/2016,72,20,86,0.0
51,0,1280,1743,1953,2016,96,670094950,word_000039,0.0,word_000039,0,1,0,0,0,0,0,1,0,0,0,0,0,0,0,0,0,0,0,0,0,0,0,0,0,0,0,0,670094950,76,24,90,0.0
52,0,1277,1817,2096,2157,68,xMwvJEAw7z,word_000041,0.0,word_000041,0,1,0,0,0,0,0,0,1,0,0,0,0,0,0,0,0,0,0,0,0,0,0,0,0,0,0,0,xMwvJEAw7z,79,27,93,0.0
53,0,1851,2375,2093,2157,90,Ys5x8JbCm6,word_000042,0.0,word_000042,0,1,0,0,0,0,0,0,1,0,0,0,0,0,0,0,0,0,0,0,0,0,0,0,0,0,0,0,Ys5x8JbCm6,81,29,95,0.0
54,0,2415,2957,2093,2173,89,0GQ7hg99Z9,word_000043,0.0,word_000043,0,1,0,0,0,0,0,0,1,0,0,0,0,0,0,0,0,0,0,0,0,0,0,0,0,0,0,0,0GQ7hg99Z9,82,30,96,0.0
55,0,1279,1753,2234,2298,79,Skrb7fV50n,word_000045,0.0,word_000045,0,1,0,0,0,0,0,0,0,1,0,0,0,0,0,0,0,0,0,0,0,0,0,0,0,0,0,0,Skrb7fV5on,85,33,99,1.0
56,0,1798,2284,2234,2313,39,MwlQZ7uJ8i,word_000046,0.0,word_000046,0,1,0,0,0,0,0,0,0,1,0,0,0,0,0,0,0,0,0,0,0,0,0,0,0,0,0,0,MwlQZ7uJ8i,87,35,101,0.0
57,0,2325,2805,2234,2314,77,ZIfjOVDrw9,word_000047,0.0,word_000047,0,1,0,0,0,0,0,0,0,1,0,0,0,0,0,0,0,0,0,0,0,0,0,0,0,0,0,0,ZIfjOVDrw9,89,37,103,0.0
58,0,2844,3361,2234,2314,41,yiGriWOkn),word_000048,0.0,word_000048,0,1,0,0,0,0,0,0,0,1,0,0,0,0,0,0,0,0,0,0,0,0,0,0,0,0,0,0,y1Gr1W0knJ,90,38,104,4.0
59,0,1281,1754,2335,2415,62,Up9OfRXgif,word_000049,2.0474630021141635,word_000049,0,1,0,0,0,0,0,0,0,1,0,0,0,0,0,0,0,0,0,0,0,0,0,0,0,0,0,0,Up9OfRXgif,92,40,106,0.0
60,0,1785,2301,2335,2399,78,c749DzhKkZ,word_000050,0.0,word_000050,0,1,0,0,0,0,0,0,0,1,0,0,0,0,0,0,0,0,0,0,0,0,0,0,0,0,0,0,c749DzhKkZ,94,42,108,0.0
61,0,2343,2899,2335,2399,91,Mvnb777KFW,word_000051,0.0,word_000051,0,1,0,0,0,0,0,0,0,1,0,0,0,0,0,0,0,0,0,0,0,0,0,0,0,0,0,0,Mvnb777KFW,95,43,109,0.0
62,0,2937,3403,2335,2415,40,gkKqbuovaJi,word_000052,0.0,word_000052,0,1,0,0,0,0,0,0,0,1,0,0,0,0,0,0,0,0,0,0,0,0,0,0,0,0,0,0,gKqbuovqJi,97,45,111,2.0
63,0,1277,1702,2437,2516,19,vOaBjilIY6,word_000053,0.0,word_000053,0,1,0,0,0,0,0,0,0,1,0,0,0,0,0,0,0,0,0,0,0,0,0,0,0,0,0,0,v0aBjiIIY6,98,46,112,2.0
64,0,1275,1761,2578,2641,90,YX2c9vPIJD,word_000055,0.0,word_000055,0,1,0,0,0,0,0,0,0,0,1,0,0,0,0,0,0,0,0,0,0,0,0,0,0,0,0,0,YX2c9vPIJD,102,50,116,0.0
65,0,1798,2275,2577,2657,89,xmIqIPZfeq,word_000056,0.0,word_000056,0,1,0,0,0,0,0,0,0,0,1,0,0,0,0,0,0,0,0,0,0,0,0,0,0,0,0,0,xmIqIPZfeq,103,51,117,0.0
66,0,1280,1794,2719,2782,89,OTSCN8TrEP,word_000058,0.0,word_000058,0,1,0,0,0,0,0,0,0,0,0,1,0,0,0,0,0,0,0,0,0,0,0,0,0,0,0,0,0TSCN8TrEP,106,54,120,1.0
67,0,1830,2392,2718,2798,88,cSKgHWOdTu,word_000059,0.0,word_000059,0,1,0,0,0,0,0,0,0,0,0,1,0,0,0,0,0,0,0,0,0,0,0,0,0,0,0,0,cSKgHWOdTu,108,56,122,0.0
68,0,2435,3010,2719,2797,46,6BxQwGK94M,word_000060,0.0,word_000060,0,1,0,0,0,0,0,0,0,0,0,1,0,0,0,0,0,0,0,0,0,0,0,0,0,0,0,0,6BxQwGK94M,110,58,124,0.0
69,0,1279,1838,2859,2939,89,QbS9Yq4m94,word_000062,0.0,word_000062,0,1,0,0,0,0,0,0,0,0,0,0,1,0,0,0,0,0,0,0,0,0,0,0,0,0,0,0,QbS9Yq4m94,113,61,127,0.0
70,0,1879,2388,2859,2939,89,NdFeSyimo9,word_000063,0.0,word_000063,0,1,0,0,0,0,0,0,0,0,0,0,1,0,0,0,0,0,0,0,0,0,0,0,0,0,0,0,NdFeSyimo9,115,63,129,0.0
71,0,2431,2940,2861,2939,91,PYBGJvg61T,word_000064,0.0,word_000064,0,1,0,0,0,0,0,0,0,0,0,0,1,0,0,0,0,0,0,0,0,0,0,0,0,0,0,0,PYBGJvg61T,116,64,130,0.0
72,0,2970,3503,2860,2923,21,TvFNC9OC5Ns,word_000065,0.0,word_000065,0,1,0,0,0,0,0,0,0,0,0,0,1,0,0,0,0,0,0,0,0,0,0,0,0,0,0,0,TvFNC9C5Ns,118,66,132,1.0
73,0,1279,1796,2961,3040,89,9SweCPC3j6,word_000066,0.0,word_000066,0,1,0,0,0,0,0,0,0,0,0,0,1,0,0,0,0,0,0,0,0,0,0,0,0,0,0,0,9SweCPC3j6,119,67,133,0.0
74,0,1835,2381,2961,3040,63,CwwQicPTYg,word_000067,0.0,word_000067,0,1,0,0,0,0,0,0,0,0,0,0,1,0,0,0,0,0,0,0,0,0,0,0,0,0,0,0,CwwQ1cPTYq,121,69,135,2.0
75,0,2426,2946,2960,3040,68,k9wMInTyT2,word_000068,0.0,word_000068,0,1,0,0,0,0,0,0,0,0,0,0,1,0,0,0,0,0,0,0,0,0,0,0,0,0,0,0,k9wMJnTyT2,123,71,137,1.0
76,0,1281,1794,3141,3221,61,UyxaOXhYo7,word_000070,0.0,word_000070,0,1,0,0,0,0,0,0,0,0,0,0,0,1,0,0,0,0,0,0,0,0,0,0,0,0,0,0,Uyxa0XhYo7,126,74,140,1.0
77,0,1834,2355,3141,3221,66,6yhWel760k,word_000071,0.0,word_000071,0,1,0,0,0,0,0,0,0,0,0,0,0,1,0,0,0,0,0,0,0,0,0,0,0,0,0,0,6yhWel76Ok,128,76,142,1.0
78,0,2393,2876,3141,3205,89,neOkITUNFY,word_000072,0.0,word_000072,0,1,0,0,0,0,0,0,0,0,0,0,0,1,0,0,0,0,0,0,0,0,0,0,0,0,0,0,ne0klTuNFY,129,77,143,2.0
79,0,2914,3466,3141,3221,53,DSkDqaQ4bV,word_000073,0.0,word_000073,0,1,0,0,0,0,0,0,0,0,0,0,0,1,0,0,0,0,0,0,0,0,0,0,0,0,0,0,DSkDqaQ4bV,131,79,145,0.0
80,0,1282,1799,3283,3362,45,N7CwgX9stP,word_000075,0.0,word_000075,0,1,0,0,0,0,0,0,0,0,0,0,0,0,1,0,0,0,0,0,0,0,0,0,0,0,0,0,N7CwqX9stP,134,82,148,1.0
81,0,1831,2324,3282,3346,62,T620FIkXhe,word_000076,0.0,word_000076,0,1,0,0,0,0,0,0,0,0,0,0,0,0,1,0,0,0,0,0,0,0,0,0,0,0,0,0,T62oFIkXhe,136,84,150,1.0
82,0,2366,2821,3282,3346,47,Ilv13YvNaCi,word_000077,0.0,word_000077,0,1,0,0,0,0,0,0,0,0,0,0,0,0,1,0,0,0,0,0,0,0,0,0,0,0,0,0,lv13YvNaCi,137,85,151,1.0
83,0,2862,3343,3282,3346,11,OADI9IX9bI,word_000078,0.0,word_000078,0,1,0,0,0,0,0,0,0,0,0,0,0,0,1,0,0,0,0,0,0,0,0,0,0,0,0,0,OADl9IX9bI,139,87,153,1.0
84,0,1281,1808,3383,3447,84,bWkLkw1Ih8,word_000079,0.0,word_000079,0,1,0,0,0,0,0,0,0,0,0,0,0,0,1,0,0,0,0,0,0,0,0,0,0,0,0,0,bWkLkw1Ih8,141,89,155,0.0
85,0,1850,2291,3383,3447,54,FOYrYfzxl3,word_000080,0.0,word_000080,0,1,0,0,0,0,0,0,0,0,0,0,0,0,1,0,0,0,0,0,0,0,0,0,0,0,0,0,FOYrYfzXl3,142,90,156,0.0
86,0,2334,2787,3385,3463,30,iuejYXsS6Bx,word_000081,0.0,word_000081,0,1,0,0,0,0,0,0,0,0,0,0,0,0,1,0,0,0,0,0,0,0,0,0,0,0,0,0,iuejYXs6Bx,144,92,158,1.0
87,0,2826,3316,3384,3446,68,2xLEAAKB1i,word_000082,0.0,word_000082,0,1,0,0,0,0,0,0,0,0,0,0,0,0,1,0,0,0,0,0,0,0,0,0,0,0,0,0,2xLEAAKB1i,145,93,159,0.0
88,0,1281,1847,3485,3563,83,mmUZEYQZYt,word_000083,0.0,word_000083,0,1,0,0,0,0,0,0,0,0,0,0,0,0,1,0,0,0,0,0,0,0,0,0,0,0,0,0,mmUzEYQZYt,147,95,161,0.0
89,0,1277,1805,3627,3705,83,yI7FPVWCLM,word_000085,0.0,word_000085,0,1,0,0,0,0,0,0,0,0,0,0,0,0,0,1,0,0,0,0,0,0,0,0,0,0,0,0,yI7FPvWCLM,150,98,164,0.0
90,0,1851,2342,3626,3689,68,RI7YNO8zTc,word_000086,0.0,word_000086,0,1,0,0,0,0,0,0,0,0,0,0,0,0,0,1,0,0,0,0,0,0,0,0,0,0,0,0,RI7YN08zTc,152,100,166,1.0
91,0,2375,2911,3625,3689,84,YekbGR15eD,word_000087,0.0,word_000087,0,1,0,0,0,0,0,0,0,0,0,0,0,0,0,1,0,0,0,0,0,0,0,0,0,0,0,0,YekbGR15eD,153,101,167,0.0
92,0,2953,3492,3626,3689,37,LvVTZxcwOm,word_000088,0.0,word_000088,0,1,0,0,0,0,0,0,0,0,0,0,0,0,0,1,0,0,0,0,0,0,0,0,0,0,0,0,LvVTZxcw0m,155,103,169,1.0
93,0,1279,1821,3728,3806,54,GwnjDYOH1X,word_000089,0.0,word_000089,0,1,0,0,0,0,0,0,0,0,0,0,0,0,0,1,0,0,0,0,0,0,0,0,0,0,0,0,GwnjDYoH1X,157,105,171,0.0
94,0,1277,1714,3867,3947,40,40KlqiLhfs,word_000091,0.0,word_000091,0,1,0,0,0,0,0,0,0,0,0,0,0,0,0,0,1,0,0,0,0,0,0,0,0,0,0,0,4OKlqiLhfs,160,108,174,1.0
95,0,1755,2285,3868,3947,39,BcgQUwTcOx,word_000092,0.0,word_000092,0,1,0,0,0,0,0,0,0,0,0,0,0,0,0,0,1,0,0,0,0,0,0,0,0,0,0,0,BcgQUwTc0x,162,110,176,1.0
96,0,2326,2838,3867,3931,87,Bb5098x55x,word_000093,0.0,word_000093,0,1,0,0,0,0,0,0,0,0,0,0,0,0,0,0,1,0,0,0,0,0,0,0,0,0,0,0,Bb5098x55x,163,111,177,0.0
97,0,2875,3423,3869,3947,38,CNGyg1H/PY,word_000094,0.0,word_000094,0,1,0,0,0,0,0,0,0,0,0,0,0,0,0,0,1,0,0,0,0,0,0,0,0,0,0,0,CNGyg1H7PY,165,113,179,1.0
98,0,1281,1724,3970,4048,40,IM7JIJtSryK,word_000095,0.0,word_000095,0,1,0,0,0,0,0,0,0,0,0,0,0,0,0,0,1,0,0,0,0,0,0,0,0,0,0,0,iM7JJtSryK,166,114,180,1.0
99,0,1755,2287,3968,4032,77,TNEZI2DNhd,word_000096,0.0,word_000096,0,1,0,0,0,0,0,0,0,0,0,0,0,0,0,0,1,0,0,0,0,0,0,0,0,0,0,0,TNEZI2DNhd,168,116,182,0.0
100,0,2325,2844,3968,4048,90,V7GEkj30kQ,word_000097,0.0,word_000097,0,1,0,0,0,0,0,0,0,0,0,0,0,0,0,0,1,0,0,0,0,0,0,0,0,0,0,0,V7GEkj30kQ,170,118,184,0.0
101,0,1278,1811,4110,4189,45,qg55qZUT91X,word_000099,0.0,word_000099,0,1,0,0,0,0,0,0,0,0,0,0,0,0,0,0,0,1,0,0,0,0,0,0,0,0,0,0,q55qZUT91X,173,121,187,1.0
102,0,1850,2383,4109,4189,71,bDKMgh8SOt,word_000100,0.0,word_000100,0,1,0,0,0,0,0,0,0,0,0,0,0,0,0,0,0,1,0,0,0,0,0,0,0,0,0,0,bDKMqh8S0t,175,123,189,2.0
103,0,2417,2948,4109,4173,89,xW2esnhBPx,word_000101,0.0,word_000101,0,1,0,0,0,0,0,0,0,0,0,0,0,0,0,0,0,1,0,0,0,0,0,0,0,0,0,0,xW2esnhBPx,176,124,190,0.0
104,0,2984,3503,4109,4188,64,4WfQtZCEL9,word_000102,0.0,word_000102,0,1,0,0,0,0,0,0,0,0,0,0,0,0,0,0,0,1,0,0,0,0,0,0,0,0,0,0,4WfQtZCEL9,178,126,192,0.0
105,0,1282,1787,4210,4274,73,NtshnnXzSO,word_000103,0.0,word_000103,0,1,0,0,0,0,0,0,0,0,0,0,0,0,0,0,0,1,0,0,0,0,0,0,0,0,0,0,NtshnnXzSO,179,127,193,0.0
106,0,1282,1786,4351,4431,59,NRp5k5Tq3t,word_000105,0.0,word_000105,0,1,0,0,0,0,0,0,0,0,0,0,0,0,0,0,0,0,1,0,0,0,0,0,0,0,0,0,NRp5k5Tq3t,183,131,197,0.0
107,0,1825,2359,4351,4430,90,Krhvh2wCQT,word_000106,0.0,word_000106,0,1,0,0,0,0,0,0,0,0,0,0,0,0,0,0,0,0,1,0,0,0,0,0,0,0,0,0,Krhvh2wCQT,184,132,198,0.0
108,0,1282,1789,4495,4572,66,HPseqYDpHJ,word_000108,0.0,word_000108,0,1,0,0,0,0,0,0,0,0,0,0,0,0,0,0,0,0,0,1,0,0,0,0,0,0,0,0,HPseqYDpHJ,187,135,201,0.0
109,0,1831,2371,4492,4556,90,WdsRLw8BVI,word_000109,0.0,word_000109,0,1,0,0,0,0,0,0,0,0,0,0,0,0,0,0,0,0,0,1,0,0,0,0,0,0,0,0,WdsRLw8BVI,189,137,203,0.0
110,0,2410,2898,4493,4572,89,cjniWnpn9U,word_000110,0.0,word_000110,0,1,0,0,0,0,0,0,0,0,0,0,0,0,0,0,0,0,0,1,0,0,0,0,0,0,0,0,cjniWnpn9U,191,139,205,0.0
111,0,569,1230,4636,4697,85,BFURSMVKAW,word_000111,0.0,word_000111,1,0,0,0,0,0,0,0,0,0,0,0,0,0,0,0,0,0,0,0,1,0,0,0,0,0,0,0,BFur5MVKaW,192,140,206,1.0
112,0,1279,1803,4633,4713,52,0bz840pPov,word_000112,0.0,word_000112,0,1,0,0,0,0,0,0,0,0,0,0,0,0,0,0,0,0,0,0,1,0,0,0,0,0,0,0,Obz84OpPov,194,142,208,2.0
113,0,1842,2346,4633,4697,36,ICIXOkKCSTv,word_000113,0.0,word_000113,0,1,0,0,0,0,0,0,0,0,0,0,0,0,0,0,0,0,0,0,1,0,0,0,0,0,0,0,ICIXOkCSTv,196,144,210,1.0
114,0,2383,2872,4633,4697,88,c9TPsC2dcb,word_000114,0.0,word_000114,0,1,0,0,0,0,0,0,0,0,0,0,0,0,0,0,0,0,0,0,1,0,0,0,0,0,0,0,c9TPsC2dcb,197,145,211,0.0
115,0,2912,3357,4633,4713,28,IFEjC9IXbx,word_000115,0.0,word_000115,0,1,0,0,0,0,0,0,0,0,0,0,0,0,0,0,0,0,0,0,1,0,0,0,0,0,0,0,IFEjC9lXbx,199,147,213,1.0
116,0,1278,1783,4734,4798,91,d6kCOs8Fks,word_000116,0.0,word_000116,0,1,0,0,0,0,0,0,0,0,0,0,0,0,0,0,0,0,0,0,1,0,0,0,0,0,0,0,d6kCOs8Fks,200,148,214,0.0
117,0,1820,2336,4734,4813,67,ouQfRNK5Zh,word_000117,0.0,word_000117,0,1,0,0,0,0,0,0,0,0,0,0,0,0,0,0,0,0,0,0,1,0,0,0,0,0,0,0,ouQfRNk5Zh,202,150,216,0.0
118,0,2381,2891,4734,4798,69,MtIsbN6ZOM,word_000118,0.0,word_000118,0,1,0,0,0,0,0,0,0,0,0,0,0,0,0,0,0,0,0,0,1,0,0,0,0,0,0,0,MtIsbN6zOM,204,152,218,0.0
119,0,2932,3466,4734,4798,83,ch4SKMG5Sf,word_000119,0.6327539794007748,word_000119,0,1,0,0,0,0,0,0,0,0,0,0,0,0,0,0,0,0,0,0,1,0,0,0,0,0,0,0,ch4SKMG5Sf,205,153,219,0.0
120,1,569,1192,541,604,53,R5TICWHAKZ,word_000120,0.0,word_000120,1,0,0,0,0,0,0,0,0,0,0,0,0,0,0,0,0,0,0,0,0,1,0,0,0,0,0,0,R5tIcWHakZ,207,155,221,0.0
121,1,569,1144,884,947,92,POIKL4KZFC,word_000130,0.0,word_000130,1,0,0,0,0,0,0,0,0,0,0,0,0,0,0,0,0,0,0,0,0,0,1,0,0,0,0,0,POIkl4kZFC,223,171,237,0.0
122,1,563,1167,1025,1104,57,THIASVQMIS5,word_000132,0.0,word_000132,1,0,0,0,0,0,0,0,0,0,0,0,0,0,0,0,0,0,0,0,0,0,0,1,0,0,0,0,ThiAsvQMi5,226,174,240,1.0
123,1,568,1170,1166,1245,90,23Y1QKTZCA,word_000137,0.0,word_000137,1,0,0,0,0,0,0,0,0,0,0,0,0,0,0,0,0,0,0,0,0,0,0,0,1,0,0,0,23Y1qkTZCa,234,182,248,0.0
124,1,569,1156,1409,1471,87,RISN5U11E6,word_000143,0.0,word_000143,1,0,0,0,0,0,0,0,0,0,0,0,0,0,0,0,0,0,0,0,0,0,0,0,0,1,0,0,RiSn5U11e6,244,192,2,0.0
125,1,569,1184,1550,1612,90,BSA7UAVUKE,word_000146,0.0,word_000146,1,0,0,0,0,0,0,0,0,0,0,0,0,0,0,0,0,0,0,0,0,0,0,0,0,0,1,0,BSA7UAVUkE,249,197,7,0.0
126,1,569,1191,1690,1753,70,DOHHXABZ4C,word_000150,0.0,word_000150,1,0,0,0,0,0,0,0,0,0,0,0,0,0,0,0,0,0,0,0,0,0,0,0,0,0,0,1,d9HHXaBZ4c,0,204,14,1.0
127,1,1281,1763,540,620,33,p5Jj8AUuLdD,word_000121,0.0,word_000121,0,1,0,0,0,0,0,0,0,0,0,0,0,0,0,0,0,0,0,0,0,1,0,0,0,0,0,0,p5Jj8AuLdD,209,157,223,1.0
128,1,1803,2391,542,604,86,GoVm5wtWPA,word_000122,0.0,word_000122,0,1,0,0,0,0,0,0,0,0,0,0,0,0,0,0,0,0,0,0,0,1,0,0,0,0,0,0,GoVm5wtWPA,210,158,224,0.0
129,1,2429,2896,540,620,59,kixKqxNjOu,word_000123,0.0,word_000123,0,1,0,0,0,0,0,0,0,0,0,0,0,0,0,0,0,0,0,0,0,1,0,0,0,0,0,0,kiXKqxNj0u,212,160,226,1.0
130,1,2940,3434,540,620,75,bKrOy7Rk8J,word_000124,0.0,word_000124,0,1,0,0,0,0,0,0,0,0,0,0,0,0,0,0,0,0,0,0,0,1,0,0,0,0,0,0,bKrOy7Rk8J,213,161,227,0.0
131,1,1285,1832,641,721,64,1SmpnkS9ekK,word_000125,0.0,word_000125,0,1,0,0,0,0,0,0,0,0,0,0,0,0,0,0,0,0,0,0,0,1,0,0,0,0,0,0,1SmpnkS9eK,215,163,229,1.0
132,1,1867,2352,641,720,70,dVQ95IQi80,word_000126,0.0,word_000126,0,1,0,0,0,0,0,0,0,0,0,0,0,0,0,0,0,0,0,0,0,1,0,0,0,0,0,0,dVQ95lQi80,217,165,231,1.0
133,1,2396,2916,641,721,73,FSgedQ9407,word_000127,0.0,word_000127,0,1,0,0,0,0,0,0,0,0,0,0,0,0,0,0,0,0,0,0,0,1,0,0,0,0,0,0,FSqedQ9407,218,166,232,1.0
134,1,2956,3486,641,721,88,Cb3YAMy5JK,word_000128,0.0,word_000128,0,1,0,0,0,0,0,0,0,0,0,0,0,0,0,0,0,0,0,0,0,1,0,0,0,0,0,0,Cb3YAMy5JK,220,168,234,0.0
135,1,1274,1782,742,806,64,TK8Zzh1za7,word_000129,0.0,word_000129,0,1,0,0,0,0,0,0,0,0,0,0,0,0,0,0,0,0,0,0,0,1,0,0,0,0,0,0,TK8Zzh1za7,222,170,236,0.0
136,1,1282,1787,883,963,89,Milehc4asp,word_000131,0.0,word_000131,0,1,0,0,0,0,0,0,0,0,0,0,0,0,0,0,0,0,0,0,0,0,1,0,0,0,0,0,M11ehc4asp,225,173,239,2.0
137,1,1281,1800,1025,1103,16,nis7VQQPFO,word_000133,0.0,word_000133,0,1,0,0,0,0,0,0,0,0,0,0,0,0,0,0,0,0,0,0,0,0,0,1,0,0,0,0,ni57VQQPFO,228,176,242,1.0
138,1,1841,2356,1024,1104,61,m10joYMIdQ,word_000134,0.0,word_000134,0,1,0,0,0,0,0,0,0,0,0,0,0,0,0,0,0,0,0,0,0,0,0,1,0,0,0,0,m10joYMldQ,230,178,244,1.0
139,1,2392,2899,1024,1104,89,XWdLI8ykBt,word_000135,0.0,word_000135,0,1,0,0,0,0,0,0,0,0,0,0,0,0,0,0,0,0,0,0,0,0,0,1,0,0,0,0,XWdLI8ykBt,231,179,245,0.0
140,1,2935,3461,1024,1104,27,Zbwp3EV6kKt,word_000136,0.0,word_000136,0,1,0,0,0,0,0,0,0,0,0,0,0,0,0,0,0,0,0,0,0,0,0,1,0,0,0,0,Zbwp3EV6Kt,233,181,247,1.0
141,1,1281,1828,1165,1229,68,nObx6mCdYU,word_000138,0.0,word_000138,0,1,0,0,0,0,0,0,0,0,0,0,0,0,0,0,0,0,0,0,0,0,0,0,1,0,0,0,n0bx6mCdYU,236,184,250,1.0
142,1,1872,2340,1166,1245,50,FIOgzX2yQj,word_000139,0.0,word_000139,0,1,0,0,0,0,0,0,0,0,0,0,0,0,0,0,0,0,0,0,0,0,0,0,1,0,0,0,FI0qzX2yQj,238,186,252,2.0
143,1,2379,2886,1168,1229,74,tRtAeMcPMP,word_000140,0.0,word_000140,0,1,0,0,0,0,0,0,0,0,0,0,0,0,0,0,0,0,0,0,0,0,0,0,1,0,0,0,tRtAeMcPMP,239,187,253,0.0
144,1,2924,3373,1165,1245,79,ppkjzfoLgB,word_000141,0.0,word_000141,0,1,0,0,0,0,0,0,0,0,0,0,0,0,0,0,0,0,0,0,0,0,0,0,1,0,0,0,ppkjzfoLqB,241,189,255,1.0
145,1,1282,1818,1266,1346,89,Kdr9qCDTUQ,word_000142,0.0,word_000142,0,1,0,0,0,0,0,0,0,0,0,0,0,0,0,0,0,0,0,0,0,0,0,0,1,0,0,0,Kdr9qCDTUQ,243,191,1,0.0
146,1,1278,1724,1409,1487,9,Sq1IJtEE64j,word_000144,0.0,word_000144,0,1,0,0,0,0,0,0,0,0,0,0,0,0,0,0,0,0,0,0,0,0,0,0,0,1,0,0,sq1JtEE64j,246,194,4,1.0
147,1,1763,2255,1407,1487,88,XOZcgPzfwa,word_000145,0.0,word_000145,0,1,0,0,0,0,0,0,0,0,0,0,0,0,0,0,0,0,0,0,0,0,0,0,0,1,0,0,X0ZcgPzfwa,247,195,5,1.0
148,1,1280,1811,1549,1628,87,OUN4AYvg7E,word_000147,0.0,word_000147,0,1,0,0,0,0,0,0,0,0,0,0,0,0,0,0,0,0,0,0,0,0,0,0,0,0,1,0,0UN4AYvg7E,251,199,9,1.0
149,1,1852,2324,1549,1628,89,2GBjtWrp3j,word_000148,0.0,word_000148,0,1,0,0,0,0,0,0,0,0,0,0,0,0,0,0,0,0,0,0,0,0,0,0,0,0,1,0,2GBjtWrp3j,252,200,10,0.0
150,1,2367,2841,1548,1628,37,pj7lvtUyMw,word_000149,0.0,word_000149,0,1,0,0,0,0,0,0,0,0,0,0,0,0,0,0,0,0,0,0,0,0,0,0,0,0,1,0,pj7lvtUyMw,254,202,12,0.0
151,1,1281,1743,1689,1753,74,hRathirDr3,word_000151,0.0,word_000151,0,1,0,0,0,0,0,0,0,0,0,0,0,0,0,0,0,0,0,0,0,0,0,0,0,0,0,1,hRa1hirDr3,1,205,15,1.0
152,1,1786,2351,1689,1753,90,beTemWTV85,word_000152,0.0,word_000152,0,1,0,0,0,0,0,0,0,0,0,0,0,0,0,0,0,0,0,0,0,0,0,0,0,0,0,1,beTemWTV85,3,207,17,0.0
153,1,2394,2888,1689,1768,84,BkztkQG8xz,word_000153,0.0,word_000153,0,1,0,0,0,0,0,0,0,0,0,0,0,0,0,0,0,0,0,0,0,0,0,0,0,0,0,1,BkztkQG8xz,4,208,18,0.0
154,1,2925,3395,1689,1769,90,yqtFsnLUCf,word_000154,2.068244680851066,word_000154,0,1,0,0,0,0,0,0,0,0,0,0,0,0,0,0,0,0,0,0,0,0,0,0,0,0,0,1,yqtFsnLUCf,6,210,20,0.0
155,1,1281,1831,1793,1854,31,nKkmon4Z4xZ,word_000155,0.0,word_000155,0,1,0,0,0,0,0,0,0,0,0,0,0,0,0,0,0,0,0,0,0,0,0,0,0,0,0,1,nKmon4Z4xZ,8,212,22,1.0
156,1,1872,2385,1791,1870,89,3EHOX8jnOg,word_000156,0.0,word_000156,0,1,0,0,0,0,0,0,0,0,0,0,0,0,0,0,0,0,0,0,0,0,0,0,0,0,0,1,3EH0X8jnOq,9,213,23,2.0
157,1,2429,2912,1791,1870,90,iCI8NgZ03x,word_000157,0.0,word_000157,0,1,0,0,0,0,0,0,0,0,0,0,0,0,0,0,0,0,0,0,0,0,0,0,0,0,0,1,iCI8NgZ03x,11,215,25,0.0
